,name,max_acc,min_acc,x_peak,x_resultant_percentage,punchTime,push1Period,secondaryPushAmpl,secondaryPushDiff,std,mean,skewness,kurtosis,max_phase,dominant_frequency,total_energy,spectral_centroid,max_spectral_density,mean_spectral_density,mean_frequency_gaps,max_acc_2,min_acc_2,punchTime2,std2,mean2,skewness2,kurtosis2,max_phase2,dominant_frequency2,total_energy2,spectral_centroid2,max_spectral_density2,mean_spectral_density2,mean_frequency_gaps2
0,admin0,27.376954,-53.968753,-9.279297,2.54630950105353,0.192975,0.033615,0,0,6.87587444814688,2.19728468064516,4.84139338788173,29.4289632464291,3.14159265358979,30.9677419354839,5007358.67280925,-0.000719987007264842,13.2387258067265,0.875446724585246,0.00835160246372249,12.904298,-9.296875,0.466875,1.67677952134046,1.26707418064516,2.63566619649257,12.8251627300119,3.14159265358979,118.709677419355,424480.094728901,-0.00413900242179551,4.61336091394041,0.1813761625387,0.00835160246372249
1,admin0,35.796877,-53.644534,-8.308594,2.9857885617589,0.19173,0.031125,0,0,6.96054941172991,2.09853215806452,5.09178732277183,30.9905654758556,3.14159265358979,30.9677419354839,5079181.50036335,-0.000355416456441051,11.2872434858055,0.827973817467522,0.00835160246372249,7.726563,-5.822266,0.434505,1.15755999429421,0.903547203225807,2.42106250538145,10.2549141990408,3.14159265358979,121.290322580645,207224.532398253,-0.00723969251964177,5.30493071141712,0.137659149342148,0.00835160246372249
2,admin1,28.726564,-57.568362,4.490235,1.29827790966979,0.233793,0.032162,0,0,7.21035016238426,2.26742076129032,4.976418407601,30.8033120287367,3.14159265358973,36.1290322580645,5490226.2864381,-0.000198847365495973,12.7927300593964,0.901881747689569,0.00835160246372249,8.072266,-9.089844,0.430476,1.36894887149557,0.971005632258065,2.84713663660283,13.0855645635847,3.14159265358979,118.709677419355,270701.49055707,-0.00431484890133192,4.43601364171689,0.160744801981981,0.00835160246372249
3,admin1,28.738283,-55.320315,4.294922,1.23953881508498,0.196683,0.032162,0,0,6.84187479095895,2.08843886774194,5.11927909035352,32.3135451499682,3.14159265358916,33.5483870967742,4917708.7284636,-0.000882312911234366,12.2058904034763,0.85309983680409,0.00835160246372249,6.982422,-8.207032,0.450268,1.39104746011243,1.12630426129032,2.07645162326892,7.75888053379622,3.14159265358979,118.709677419355,307863.492659982,-0.00243272423837755,5.06744028286656,0.181908110883081,0.00835160246372249
4,admin2,34.066408,-56.798831,-12.830079,4.39920592760297,0.217875,0.031125,0,0,7.10037456975081,2.1182083,5.21767885420003,32.7166592762183,3.14159265358979,30.9677419354839,5276094.25410678,-1.34858719941956E-07,10.5566162520429,0.819731961719375,0.00835160246372249,15.720704,-9.464844,0.38346,1.63216503565968,0.857686580645161,4.5761073664286,31.3387242236318,3.14159265358979,121.290322580645,326700.500425307,-0.0008212631498927,1.26880529965339,0.138472212386145,0.00835160246372249
5,admin2,42.527346,-56.92969,-12.416016,5.28920628445285,0.197955,0.031125,0,0,7.64222740199313,2.23709690645161,4.98296345238232,29.2340010865619,3.13061284156246,30.9677419354839,6093532.07855574,-0.000137579712148844,10.5532683891029,0.864891643705562,0.00835160246372249,11.541016,-12.476563,0.33864,1.61172625199746,0.732346348387097,4.48264097748651,26.6335247104083,3.14159265358979,121.290322580645,301176.697064413,-0.00341988064882151,1.95581968985452,0.132893218468628,0.00835160246372249
6,admin2,38.740236,-55.714846,-7.955079,3.08220596440022,0.192975,0.031125,0,0,7.27355308148218,2.16315538709677,5.02885505688581,30.0664803943348,3.14159265358954,30.9677419354839,5533804.6847208,-0.000299298780775526,11.6307947754418,0.854789678038719,0.00835160246372249,7.082032,-9.990235,0.339885,1.28997235078835,0.640039151612903,4.074870352416,22.4151242854468,3.14159265358979,118.709677419355,199280.530892135,-0.00107122050735136,1.64705029736754,0.125872604234994,0.00835160246372249
7,admin2,45.011721,-56.115237,-11.962891,5.38475751288905,0.21414,0.031125,0,0,7.71768887238388,2.62184365806452,4.83449535640498,27.9943850860437,3.14159265358679,30.9677419354839,6384575.10560193,-3.527154919503E-05,11.99984092831,0.927517607148781,0.00835160246372249,11.841797,-11.16211,0.46314,1.96434996502095,1.4196636516129,2.49832576660708,10.2189063140527,3.14159265358979,118.709677419355,564502.515770593,-0.000500113108256215,5.12500959168592,0.232890214829076,0.00835160246372249
8,admin3,27.703126,-53.544924,3.957031,1.09837650934924,0.19422,0.03237,0,0,6.62784526188123,1.96662688387097,5.20044080384212,33.4168021268459,3.14159265358884,33.5483870967742,4593191.19052891,-0.000385848121091366,10.4591825971898,0.813462367440793,0.00835160246372249,5.960938,-7.324219,0.367275,1.01013370219871,0.643088541935484,3.36692616853981,17.028165787108,3.14159265358979,121.290322580645,137800.958329201,-0.000190018063360929,4.00636636922576,0.108179663664792,0.00835160246372249
9,admin3,28.960939,-58.257815,3.753906,1.08954968645589,0.20169,0.033615,0,0,7.45242818648143,2.35850567419355,4.85778362102601,29.4358110082891,3.14131439522778,33.5483870967742,5871828.67291613,-0.00150053862109349,13.0686478459743,0.957327124078861,0.00835160246372249,9.378907,-7.232422,0.404625,1.25807318266147,0.782850380645161,3.88573231712053,22.497116975823,3.14159265358979,110.967741935484,210997.434020332,-0.00114818239295045,1.40041410049708,0.125047248803717,0.00835160246372249
10,admin3,28.525392,-56.253909,3.419922,0.975748268882241,0.19671,0.03237,0,0,7.04997524322245,2.12997117096774,4.99646865027464,30.9170962668207,3.14159265358941,33.5483870967742,5212360.99225541,-0.000612189193821165,12.3583526193546,0.878485522192783,0.00835160246372249,13.181641,-9.054688,0.42081,1.51412662648976,0.978175474193548,3.66072834457636,21.5832589356032,3.14159265358979,121.290322580645,312267.983808403,-0.000244528993335098,1.96323117030276,0.157855669211125,0.00835160246372249
11,admin3,24.242189,-53.36719,3.439453,0.834174181693429,0.19671,0.033615,0,0,6.76907141348231,2.05643283548387,4.99625663575187,31.2939064840716,3.117659222052,30.9677419354839,4809732.32991801,-0.000213672800018874,11.7141033285584,0.848916890188624,0.00835160246372249,10.181641,-8.169922,0.43077,1.53871037813057,1.11560619032258,2.52500203597739,10.7919314725919,3.14159265358979,118.709677419355,347133.073446633,-0.00434092127091935,3.01802599143207,0.188520758784289,0.00835160246372249
12,admin4,50.828127,-56.531253,4.742188,2.41208606226443,0.196365,0.02964,0,0,7.69718027434281,2.58017913225806,4.91657417754417,28.9205151755056,3.12965441835501,23.2258064516129,6333365.60975915,-0.00105179758252074,13.4928520586205,0.916914745851321,0.00835160246372249,10.484376,-15.212891,0.24206,2.2998147708643,0.984211290322581,3.59670734103322,17.1611875685074,3.14159265358979,98.0645161290323,601376.487035699,-0.00105719796716133,5.26723053387329,0.262529937234459,0.00835160246372249
13,admin4,48.849612,-58.660159,-7.884766,3.86578813072242,0.19019,0.030875,0,0,8.42535941166209,2.8339341516129,4.59095076716684,25.360773183173,3.12712888730137,23.2258064516129,7593616.72956978,-0.00297800610987501,15.1459782885043,1.01491829416481,0.00835160246372249,19.66211,-8.982422,0.201305,1.9316980383818,0.751701193548387,5.12327586149831,38.7539418985047,3.14159265358979,103.225806451613,412894.802803124,-0.00119744554420327,3.0793114278188,0.170148089845237,0.00835160246372249
14,admin4,55.628909,-59.363284,-7.697266,4.28287843838804,0.191425,0.030875,0,0,8.72461671440392,3.07400473870968,4.53102335670004,24.8301749322958,3.13407192382869,25.8064516129032,8223127.27109381,-0.00306809846436009,17.287663501297,1.04174725247729,0.00835160246372249,18.59961,-11.552735,0.206245,2.1115797117814,0.853780303225806,4.40767454363792,27.2861226181765,3.14159265358979,103.225806451613,498538.900765321,-0.000391639648893858,4.17589603244964,0.201920674505753,0.00835160246372249
15,admin4,50.060549,-58.42969,-6.210938,3.11471904599081,0.23712,0.030875,0,0,8.42091787550131,3.16215993225806,4.47268771982917,24.5971230825254,3.13434335675027,25.8064516129032,7775557.98842943,-0.000573793710324894,18.4982586879166,1.02365282453992,0.00835160246372249,18.611329,-11.345704,0.211185,2.23114840994081,0.899552783870968,4.46566941909006,27.7234661501214,3.14159265358979,103.225806451613,556151.69190635,-9.57746156041881E-05,4.66413458688017,0.219498304345042,0.00835160246372249
16,admin4,50.003909,-61.195315,-22.275392,11.1670338986493,0.191425,0.030875,0,0,9.83943516478424,3.22429457419355,4.11552953144731,20.0808287290111,3.11167757019806,36.1290322580645,10302934.8028503,-0.00199374099039306,18.1777905582959,1.21162883842163,0.00835160246372249,25.658204,-19.091798,0.179075,3.02676370296288,0.959582996774194,4.88663257131317,29.4709980438678,3.14159265358979,105.806451612903,968889.621766209,-0.00110000648233649,2.69473057187703,0.258863332550732,0.00835160246372249
17,admin4,37.058596,-55.490237,-4.910156,1.82461843102174,0.19019,0.030875,0,0,7.34931043731909,2.2159149483871,4.71339436626221,27.39968402408,3.1415926535894,33.5483870967742,5662465.98870323,-0.000660634251768205,11.8214433374601,0.8581639362007,0.00835160246372249,8.767579,-12.97461,0.186485,1.8979437362876,0.738640470967742,3.88202270690421,19.5204306345935,3.14159265358979,103.225806451613,398601.674477766,-0.00288926311368583,3.69858668840293,0.19022656677333,0.00835160246372249
18,admin4,42.484377,-58.800784,6.289063,2.68475900115738,0.19019,0.030875,0,0,7.95151489638652,2.47890641290323,4.65023601359466,26.2451364206518,3.14159265358967,33.5483870967742,6666607.50714853,-0.00306989338720555,13.0794301783133,0.960287696345563,0.00835160246372249,13.134766,-18.187501,0.186485,2.42753216620354,0.981187093548387,3.85495270470319,20.2323925370272,3.14159265358979,103.225806451613,658827.054980933,-0.366822307412141,5.84569530907659,0.246388466827386,0.00835160246372249
19,admin4,32.291017,-59.7168,17.439454,5.76607048859745,0.19019,0.033345,0,0,8.56692050649785,2.89843767741935,4.19912437304946,22.2749779184348,3.0007603426365,30.9677419354839,7860313.82850906,-0.00095837971583775,17.8359824930127,1.11074950330692,0.00835160246372249,12.677735,-14.800782,0.307515,1.80225227205155,0.691355903225806,4.60721640037734,27.6676425423204,3.14159265358979,103.225806451613,358076.88737956,-0.000414014805011881,1.54147068429591,0.153119559659904,0.00835160246372249
20,admin4,41.994143,-58.781253,1.630859,0.686517181284802,0.19019,0.030875,0,0,7.99192786128137,2.49913071935484,4.65307520356195,26.325797985711,3.11934206177944,33.5483870967742,6738201.92459468,-0.00116066044113172,13.0327924667705,0.949759525235588,0.00835160246372249,12.632813,-17.898438,0.203775,2.64419881188634,1.06157390645161,3.8646081639218,19.8763633449942,3.14159265358979,103.225806451613,780209.618153011,-0.000582453249517412,6.21023545463424,0.267992939435207,0.00835160246372249
21,admin4,41.339846,-58.7168,6.21875,2.57776334108916,0.19019,0.03211,0,0,8.27416665099342,2.57895051935484,4.46763114358106,24.2207195663079,3.14159265358897,30.9677419354839,7218341.95872543,-0.000564405610581219,14.2704853231052,0.989472218184315,0.00835160246372249,12.386719,-17.72461,0.18031,2.19166927622406,0.858316619354839,4.2047679151946,24.3172438957119,3.14159265358979,103.225806451613,532405.689162441,-0.249041539176723,5.18426812390683,0.231587464445557,0.00835160246372249
22,admin5,50.445315,-46.931643,-44.310549,25.1270285599292,0.225361,0.020144,0,0,7.54784771098862,3.02735020967742,3.88693488691178,19.6592546311886,3.14159265358274,18.0645161290323,6355559.5040258,-2.7839113850745E-05,8.0896011884774,0.731358379520497,0.00835160246372249,19.712892,-21.562501,0.338671,2.92660426390583,1.14631435806452,4.20562670515043,23.3395009833979,3.14159265358979,95.4838709677419,949376.620914099,-0.000537267352708258,1.53610536056128,0.233971912420015,0.00835160246372249
23,admin5,49.521487,-41.726565,-34.603517,18.3827357611168,0.23921,0.026439,0,0,7.29511670255681,2.9859817483871,3.82178999527757,18.419456898288,3.14159265358979,38.7096774193548,5971155.69321048,-0.000218640341419091,9.04707573139656,0.769628088710777,0.00835160246372249,30.056642,-27.904298,0.356297,3.82921648630305,1.47183099032258,4.44901553879608,25.9833948267251,3.14159265358979,105.806451612903,1617284.71338901,-0.000500939032200469,5.55162417629991,0.371583732413085,0.00835160246372249
24,admin5,51.003909,-44.414065,-41.851565,23.2891322674238,0.321045,0.030216,0,0,7.53231247585975,3.38867202258065,3.66570457671218,17.5802713605219,3.1415926511288,38.7096774193548,6555829.49674994,-1.32731191066861E-07,11.3369712169499,0.77971596434082,0.00835160246372249,22.500001,-22.976564,0.372664,3.16666647094603,1.53169110322581,3.81857889167184,19.78508007746,3.14159265358979,116.129032258065,1189127.38611322,-0.00108048198883552,1.43039161911054,0.265258770409485,0.00835160246372249
25,admin5,49.287112,-60.328128,-16.523438,8.21757037175834,0.210253,0.02518,0,0,8.71171791524611,3.12467257741936,4.31561889034479,22.8528684276171,3.12817776452124,38.7096774193548,8231696.10486116,-0.000746501879692421,14.8819328612174,0.975881983940564,0.00835160246372249,34.335939,-31.865236,0.322304,4.61473900938024,2.11904627419355,4.09221317988481,22.9393062261709,3.14159265358979,108.387096774194,2478051.24806314,-0.00161232746758564,8.37126340507565,0.49994895855834,0.00835160246372249
26,admin5,45.656252,-36.771486,-26.908204,14.5451037475532,0.241728,0.027698,0,0,7.49763207828183,2.97288327419355,3.6078713622169,16.1545520938895,3.14159265358979,41.2903225806452,6251547.33952733,-0.00100848328555829,11.2165379842249,0.813585444252841,0.00835160246372249,27.953126,-19.910157,0.332376,3.90807613460452,1.85427178709677,3.78203120677273,18.8888744549249,3.14159265358979,105.806451612903,1798163.89998512,-0.000998085911161214,4.90123381118945,0.370471100538072,0.00835160246372249
27,admin5,48.876956,-50.007815,-24.273439,12.6373926217424,0.192627,0.033993,0,0,6.93142762293467,2.37935373870968,4.87274076807358,28.3804787053103,3.14159265358979,30.9677419354839,5161147.85947636,-0.000530579149689968,8.81182693808755,0.753998099778218,0.00835160246372249,24.853517,-16.35547,0.234174,3.25541657262075,1.47235395483871,3.75325093076369,19.2660955663852,3.14159265358979,108.387096774194,1226770.62636677,-0.00210632342651903,3.95684254285255,0.296355221920577,0.00835160246372249
28,admin5,47.20508,-35.937502,27.177736,13.0453247551812,0.217807,0.033993,0,0,6.03615365333574,2.00878288064516,4.94210356432447,29.50961343051,3.14153002128827,33.5483870967742,3889201.55643097,-0.00201263058853308,7.72072201263562,0.621549707249393,0.00835160246372249,29.335939,-29.966798,0.250541,4.46168003841687,1.66628037419355,3.96153849033176,20.1689028893351,3.13098968741787,108.387096774194,2179843.89676556,-0.0626092611274662,9.93398815093073,0.536689642515499,0.00835160246372249
29,admin5,48.419924,-36.359377,22.265626,10.9175390218627,0.237951,0.032734,0,0,5.85725968238256,1.9080205483871,5.07727972567698,31.3584490967759,3.14159265358613,33.5483870967742,3646806.00973343,-3.90157175054213E-05,7.24141177415382,0.587828666466224,0.00835160246372249,34.464845,-33.757814,0.26439,5.06598018318217,1.81737033548387,4.15457296215975,21.3280638879209,3.14159265358979,103.225806451613,2783727.75367363,-0.386548572578246,10.3850345357084,0.537701963083649,0.00835160246372249
30,admin5,47.185549,-36.275392,34.562502,17.582692224647,0.208994,0.033993,0,0,6.60433353285279,2.23684489677419,4.36140080437031,22.9883498017688,3.14159265358977,18.0645161290323,4672448.93416785,-0.00272846930908069,9.88356266855598,0.751986253697073,0.00835160246372249,32.001955,-30.027345,0.27698,4.53336316457399,1.66869341290323,4.11735348754532,21.4065142513149,3.14159265358979,103.225806451613,2242581.84359438,-0.386574578273658,9.77301608644168,0.487479238806352,0.00835160246372249
31,admin5,49.884768,-34.98633,31.326173,16.4660340099455,0.224102,0.028957,0,0,5.82611515546814,1.85842380322581,5.46533598348213,35.9443015018889,3.09314433098406,36.1290322580645,3593885.99205221,-0.00118361477903746,6.51510878989818,0.605693271067398,0.00835160246372249,30.160158,-32.521486,0.185073,4.45536365878551,1.68415460322581,3.93021347949418,19.8819136809696,3.14159265358979,105.806451612903,2180186.30192691,-0.449752262031831,8.88380993959927,0.451309335375562,0.00835160246372249
32,admin5,39.152346,-26.830079,31.054689,15.1622553463993,0.193886,0.030216,0,0,4.83764164026351,1.76766647419355,4.79861886360159,28.9902116236918,3.14159265358977,15.4838709677419,2549285.19688589,-0.00572018704931694,6.31234899653979,0.519060502299956,0.00835160246372249,25.994142,-25.044923,0.195145,3.54033062573102,1.41766013548387,4.18573667273255,23.3313123761002,3.14159265358979,108.387096774194,1397649.68524592,-0.278150016500119,7.58903910398914,0.407098264680611,0.00835160246372249
34,admin6,32.179689,-51.583987,3.15625,1.03786004704443,0.211185,0.028405,0,0,6.16867128485872,1.78381436774194,5.47521222357411,35.4299164623725,3.10418236917034,33.5483870967742,3962635.36535541,-0.00351498829696421,9.79591000272369,0.710026143300045,0.00835160246372249,8.109375,-7.742188,0.21242,1.42601434641777,0.636636938709678,3.24469956738829,13.4051232665599,3.14159265358979,103.225806451613,234370.939111008,-0.00345290047794332,2.59550746219047,0.145283642694099,0.00835160246372249
35,admin6,28.771486,-50.544924,1.697266,0.493676888877658,0.193895,0.02964,0,0,5.94362540091256,1.70207295483871,5.57740484401655,37.4836638339062,3.12619644630099,33.5483870967742,3673300.95752176,-0.000401903932206439,9.34319812526783,0.677156117783735,0.00835160246372249,11.847657,-7.390625,0.188955,1.181043426329,0.472448380645161,5.05778663883526,37.1076984016247,3.14159265358979,108.387096774194,155496.627640646,-0.00358427641914725,1.57623623384856,0.100037853813641,0.00835160246372249
36,admin6,36.128908,-55.048831,3.041016,1.11621660758967,0.191425,0.02964,0,0,6.84255054296947,2.04296255806452,5.19577984946709,32.3740313335694,3.10612616564913,33.5483870967742,4900542.03828222,-0.00463018564662626,12.4453366463053,0.814692435640054,0.00835160246372249,6.785157,-11.339844,0.17784,1.43311114352786,0.588898761290323,3.82960937922496,20.2252597045271,3.14159265358979,103.225806451613,230698.553802363,-0.000870242052311099,2.59628422922574,0.1380509168375,0.00835160246372249
37,admin6,29.123048,-50.791018,-6.140625,1.80657935107421,0.19019,0.02964,0,0,6.13642300103512,1.73291972580645,5.54287017384919,37.0143838554851,3.14159265358966,33.5483870967742,3907300.88007968,-0.0018943951519193,9.76275912797698,0.710846339090948,0.00835160246372249,12.300782,-9.00586,0.184015,1.47608601853739,0.541746564516129,4.27870718987356,24.3277713360083,3.14159265358979,105.806451612903,237589.882258941,-0.00246632832609408,2.12059591730716,0.13444485104588,0.00835160246372249
38,admin6,31.255861,-55.744143,1.664063,0.530261669431217,0.191425,0.030875,0,0,6.83603668446574,2.15320703870968,5.08118746182144,32.0869264742694,3.12559870118534,30.9677419354839,4936435.78768967,-0.00257825942868846,13.5580118968362,0.834176556937312,0.00835160246372249,11.34961,-12.677735,0.29887,1.55588280518529,0.684116764516129,4.44942316653708,26.6363655223146,3.14159265358979,103.225806451613,277612.435597569,-0.00036608674443802,2.18191743793845,0.139744015572282,0.00835160246372249
39,admin6,34.349611,-52.80469,7.740235,2.67722607649972,0.19266,0.030875,0,0,6.62018995616442,1.85649583225806,5.33238340807771,33.8547632199817,3.14159265358919,33.5483870967742,4542982.56494871,-0.000793846850309912,10.0934822978494,0.783727627582214,0.00835160246372249,6.167969,-9.16211,0.19266,1.48205830749648,0.755305032258065,2.77721779937831,11.5013534454548,3.14159265358979,108.387096774194,265907.020034931,-0.272523683407956,3.55808122268329,0.165494628704437,0.00835160246372249
40,admin6,24.996095,-53.130862,6.337891,1.59870134701895,0.191425,0.030875,0,0,6.53307801915032,2.02379045806452,5.14473822882861,33.3529436328291,3.12971095774446,33.5483870967742,4495253.96097821,-0.000261012644951566,12.8702874430787,0.808048074499605,0.00835160246372249,6.703125,-9.769532,0.16302,1.14848000594883,0.382069112903226,4.97338429263691,31.0369616799391,3.14159265358979,100.645161290323,140784.878898602,-0.182470329000142,1.31126748373748,0.115294148183001,0.00835160246372249
41,admin6,18.09961,-40.132814,3.921875,0.724354149825559,0.193895,0.03458,0,0,5.09904539472858,1.75313773548387,4.68871183815063,28.5025962849239,3.12951378511685,33.5483870967742,2793987.93786541,-0.00340209895730574,11.2877732325201,0.676724467026385,0.00835160246372249,8.013672,-6.25,0.319865,0.827088907950616,0.375182761290323,5.57061039168204,40.4215272586348,3.14159265358979,113.548387096774,79266.9477549424,-0.00462538205623138,0.596974006484371,0.0658201667474325,0.00835160246372249
42,admin6,21.171876,-46.67383,4.871094,1.04619744954261,0.19266,0.033345,0,0,5.99789486150375,1.9948968,4.75715371367758,29.2737575152592,3.11432686215744,33.5483870967742,3839613.61278235,-0.000196657543887358,12.7702615094324,0.779696194475363,0.00835160246372249,11.039063,-7.71875,0.280345,1.17978484460428,0.4835875,5.20637627223717,35.1399610418526,3.14159265358979,108.387096774194,156234.493287535,-0.00538518528533708,1.0154699230973,0.0992451666589235,0.00835160246372249
43,admin6,21.195314,-42.029299,4.804688,1.02304211176105,0.191425,0.03211,0,0,5.4111273379176,1.76461075806452,4.82131882695203,29.5044861337485,3.14121691733952,33.5483870967742,3113077.83370454,-0.00126535749797336,12.0329640849425,0.706994639808482,0.00835160246372249,5.09375,-7.195313,0.270465,0.94432349659811,0.413545935483871,4.47976961755365,25.8819195762363,3.14159265358979,105.806451612903,102131.918981019,-0.00153035191946203,0.924586188294987,0.0806749842319808,0.00835160246372249
44,admin7,38.457033,-59.687503,15.052735,6.30632375632477,0.12915,0.03075,0,0,8.16380870951126,3.16382955806452,4.67866414347847,26.2717273858398,3.14159265358975,30.9677419354839,7366794.41033735,-0.00471600265239315,14.5930617411494,1.0320279640206,0.00835160246372249,13.685548,-9.94336,0.38991,1.79380037176111,1.05677934516129,3.5436303126595,18.4758951567749,3.14159265358979,118.709677419355,416545.676612432,-0.00116050270117784,2.13368958123355,0.166321358140419,0.00835160246372249
45,admin7,33.943361,-52.205081,5.095703,1.75682768300083,0.18942,0.02952,0,0,6.55154616722805,1.9416332,5.15361023853376,31.7629245202851,3.10048937551851,33.5483870967742,4487168.1494741,-0.000161297643529661,9.83870285247569,0.747164875234011,0.00835160246372249,14.121094,-17.423829,0.37638,2.31065518984647,1.22576244516129,3.68662263192678,18.6510790577386,3.14159265358979,105.806451612903,657479.776017726,-0.0548344463326137,5.24519327961502,0.320134646809536,0.00835160246372249
46,admin7,32.148439,-48.039065,-5.558594,1.79451488125462,0.18819,0.03075,0,0,6.4804467072253,2.07012363870968,4.59524248063316,25.8809127157038,3.14159265358978,33.5483870967742,4447661.89499473,-0.00976106309402419,13.6263370288044,0.807446804775499,0.00835160246372249,13.410157,-20.339845,0.20418,2.26085836829873,0.729763203225807,4.88672634530981,30.8159317516781,3.14159265358979,105.806451612903,542391.753341152,-0.000514144011861406,2.26883824038342,0.191871958563676,0.00835160246372249
47,admin7,29.650392,-49.746096,3.427735,1.02858001630308,0.18942,0.02952,0,0,6.05542027136604,1.84745478064516,5.358589314599,35.1894234628266,3.14159265358967,33.5483870967742,3851803.68800529,-0.00431242442489177,9.94943720255488,0.685831204377458,0.00835160246372249,13.265626,-13.22461,0.28905,1.9859347502406,0.814068880645161,3.94367985673216,19.5083066590315,3.14159265358979,103.225806451613,442698.582063679,-0.162232201788336,4.30833425642448,0.253675988994447,0.00835160246372249
48,admin7,30.42383,-51.314456,3.716797,1.13698426461772,0.18942,0.02952,0,0,6.11665630402965,1.87465360645161,5.31411891203235,34.5467892521133,3.14159265358978,33.5483870967742,3933162.58768612,-0.00474077534760545,10.0394459808061,0.68133293964552,0.00835160246372249,13.941407,-19.083985,0.30996,2.17159270281961,0.912563074193548,4.01151990951279,20.5721047500496,3.14159265358979,105.806451612903,533219.136829945,-0.514271670589152,3.94022744598373,0.23847118934509,0.00835160246372249
49,admin8,20.777345,-48.029299,-3.539063,0.737365019704835,0.127514,0.032188,0,0,5.63248353741939,2.61067301935484,5.36440502659092,35.8074015312415,3.14159265358978,33.5483870967742,3703740.55211695,-0.0169759709160445,9.95626596246875,0.746013089067947,0.00835160246372249,6.279297,-6.199219,0.393684,1.00629265784891,0.731439087096774,2.61176399026944,11.1264535459759,3.14159265358979,118.709677419355,148727.055737001,-0.00261980632106068,3.78379349453478,0.11489365086506,0.00835160246372249
50,admin8,19.826173,-46.484377,-3.449219,0.694269563298304,0.127514,0.032188,0,0,5.35086898039989,3.70607379032258,5.08654507868459,34.1177739081562,3.14159265358978,33.5483870967742,4071447.72951176,-0.0449766023821481,24.1579870602736,0.827253054147432,0.00835160246372249,8.138672,-6.201172,0.155988,0.8898381059016,0.279177222580645,5.59566409201248,38.3723523377806,3.14159265358979,98.0645161290323,83583.1457045817,-0.00394670327835166,0.525322005204989,0.08013209569267,0.00835160246372249
51,admin8,16.447266,-36.958986,-4.035156,0.685508708908814,0.128752,0.034664,0,0,4.47872202608382,3.30344646451613,4.53415754436449,28.0996357470466,3.14159265358979,28.3870967741935,2976381.28591492,-0.0476996288402475,22.4798072925913,0.756398530133032,0.00835160246372249,9.044922,-5.679688,0.406064,1.51343624609494,1.10836070967742,2.21878561728557,8.33521879842594,3.14159265358979,118.709677419355,338171.357713429,-0.0015938828030032,5.55886678759373,0.20238470254865,0.00835160246372249
52,admin8,18.82422,-43.332033,-2.253906,0.425970771463973,0.127514,0.033426,0,0,5.25565443632903,3.69233257741935,4.72413173872621,30.0075657714395,3.14159265358979,30.9677419354839,3964626.97031386,-0.0454463562796367,24.0687251840699,0.842533255718262,0.00835160246372249,6.085938,-6.804688,0.304548,1.00952463727883,0.525529309677419,4.07197223206393,23.3192060189609,3.14159265358979,116.129032258065,124480.352770746,-0.00233304115450555,1.37661661777244,0.0999436254538401,0.00835160246372249
53,admin8,19.216798,-43.347658,1.880859,0.37387770189043,0.128752,0.03095,0,0,4.88590258603727,4.04722171612903,4.95728832920154,33.7365859067968,3.14159265358978,33.5483870967742,3868221.78394618,-0.0548138371552043,37.7111221272588,0.8314213754886,0.00835160246372249,6.607422,-7.84375,0.351592,1.32690249832146,0.694140677419355,4.95439086126528,34.2572029361121,3.14159265358979,116.129032258065,215504.396081604,-0.0088138958614641,1.57798787275994,0.135227325489948,0.00835160246372249
54,admin8,24.091798,-41.628908,7.017578,1.70596697292056,0.12999,0.034664,0,0,5.72243501933448,2.79631440645161,4.42694253195267,24.5377630078533,3.14159265358979,33.5483870967742,3898357.69746353,-0.0174375768615289,11.3397004343443,0.77751093859534,0.00835160246372249,7.572266,-12.066407,0.298358,0.865613617686783,0.4180129,4.89037522749963,31.6068035351558,3.14159265358979,116.129032258065,88798.4872623252,-0.01055821182254,0.578657383835122,0.0789940261189492,0.00835160246372249
55,admin8,17.94922,-32.615236,2.886719,0.52037015963578,0.127514,0.033426,0,0,4.35293459296519,2.45544368709677,4.32402534828383,24.1309944501355,3.12825856742112,28.3870967741935,2400313.07835621,-0.0310583262127087,11.5287131285783,0.646675728433957,0.00835160246372249,10.304688,-5.261719,0.432062,1.87294284503848,1.43288818709677,1.97257256299151,6.7116165571217,3.14159265358979,118.709677419355,534420.120265971,-0.320729210620114,16.8168550665761,0.329178465295877,0.00835160246372249
56,admin8,22.158204,-35.564455,3.144531,0.701686571959104,0.12999,0.035902,0,0,4.80299819225254,3.42125772258065,4.26584413545951,23.3910297645644,3.14159265358978,30.9677419354839,3341761.7993574,-0.0225582539719658,27.4956033350533,0.79001207884007,0.00835160246372249,6.486328,-8.867188,0.401112,1.07094572685537,0.79948344516129,2.53046101837029,10.8814201048547,3.14159265358979,118.709677419355,171644.068632743,-0.00374819908600268,3.43025591982604,0.1207436811065,0.00835160246372249
57,admin8,21.525392,-42.812502,5.919922,1.27911350457852,0.126276,0.03095,0,0,5.29084315385721,2.88189909032258,4.94788847867652,30.6422787457558,3.14159265358974,30.9677419354839,3488272.74633445,-0.00368728951271691,15.7514274240808,0.748009663733162,0.00835160246372249,7.53711,-6.615235,0.403588,1.56774369724125,1.06183853548387,2.94712076779466,14.3324789940763,3.14159265358979,118.709677419355,344549.384202673,-0.245184422112248,6.28859123928273,0.19989276930791,0.00835160246372249
58,admin9,48.556643,-57.761722,2.720703,1.32501692772905,0.224078,0.027236,0,0,7.76996665253177,2.87976955483871,4.72886758517177,27.692218508451,3.14159265358979,18.0645161290323,6598750.17460848,-0.000964050894386672,14.4038738523243,0.905735486324645,0.00835160246372249,13.542969,-15.859376,0.292168,2.14904361646021,0.883291441935484,3.38615269391634,14.6516827616547,3.13871274839133,113.548387096774,518804.713960791,-0.082746065523043,3.58632334335427,0.239533947198855,0.00835160246372249
59,admin9,49.949221,-49.183596,-1.746094,0.884590921899972,0.215412,0.035902,0,0,7.09509960075117,2.77992708709677,4.30158887206484,23.9404381021968,3.14159265358979,20.6451612903226,5580376.40689418,-0.000137440254759864,16.1814373225769,0.792064114437639,0.00835160246372249,14.677735,-27.375001,0.263694,3.49349588030461,1.35286048709677,3.874916517377,20.3913993219914,3.14159265358979,100.645161290323,1348738.99096862,-0.00126190190020227,6.5055347015656,0.390342555722454,0.00835160246372249
60,admin9,51.074221,-43.388674,-13.134766,6.92521995182536,0.219126,0.042092,0,0,6.83314702224078,2.76229853870968,4.0214138929538,21.9586451872,3.14159265358979,18.0645161290323,5220362.59781796,-0.00125284743473871,13.1860297275366,0.750117316442156,0.00835160246372249,30.126955,-22.88086,0.227792,3.51157732424367,1.22803689354839,4.64481598151272,28.4368564848142,3.14159265358979,98.0645161290323,1329951.9169332,-0.000611398126414769,5.45454229938314,0.335679595028451,0.00835160246372249
61,admin9,43.67969,-42.859377,-13.945313,6.74382067198007,0.194366,0.038378,0,0,6.43866986801855,2.60378040645161,3.91220172114841,20.822558298599,3.13808854167126,20.6451612903226,4635493.25334516,-0.00226329328958238,15.1075829544618,0.72205291027716,0.00835160246372249,30.54297,-29.476564,0.180748,4.14442093657752,1.32589473548387,4.72108187921518,27.9001225450665,3.14159265358979,103.225806451613,1819578.710091,-0.000203250573409265,5.52933557400217,0.381784863861418,0.00835160246372249
62,admin9,47.601565,-44.216799,-28.035158,13.8487585805015,0.220364,0.040854,0,0,7.05409654824174,3.10352841935484,3.56528607604113,17.3564962564581,3.14159265358979,20.6451612903226,5707587.22579544,-0.00276654241556633,19.0594750869856,0.795115857777844,0.00835160246372249,27.013673,-19.361329,0.268646,3.26094995328702,1.24863290322581,4.46164758894181,26.5492749507641,3.14159265358979,100.645161290323,1171735.64545911,-0.000327313280101317,6.19698414888093,0.316899654224598,0.00835160246372249
63,admin9,47.769534,-38.853518,-23.683595,13.0350762102925,0.219126,0.028474,0,0,6.28607009579181,2.57849689032258,3.96719631787395,21.2412398283548,3.14159265358979,18.0645161290323,4436295.38475694,-0.00222341052516395,9.68322747524817,0.646484305849324,0.00835160246372249,27.537111,-17.113282,0.308262,3.13916168084643,1.34910543225806,4.18873146171609,25.1684307422563,3.14159265358979,108.387096774194,1121911.90863349,-0.00173431332688823,6.19557209782937,0.308997405535789,0.00835160246372249
64,admin9,46.71094,-42.675783,-13.578126,7.07848102507573,0.206746,0.042092,0,0,6.78046127197863,2.91658911290323,3.66198780630908,18.5676333983441,3.14159265358979,18.0645161290323,5235638.23768496,-0.00088503311986823,15.0564922313316,0.765327691511254,0.00835160246372249,32.925783,-35.697267,0.207984,4.74607346811352,1.55867574193548,4.65233536838127,27.6185568138014,3.14159265358979,100.645161290323,2398145.07793333,-0.000231696303033073,6.47477774991387,0.459022599735029,0.00835160246372249
65,admin9,50.871096,-39.716799,-20.970704,11.0342325140111,0.203032,0.038378,0,0,6.85932623288522,2.89386358709677,3.64979568344918,18.6755183554163,3.14159265358962,18.0645161290323,5326323.5519507,-0.000702470009708937,14.8647227726398,0.772584311773515,0.00835160246372249,33.23047,-26.958986,0.238934,4.14292629840116,1.44467625483871,4.57690197372943,27.1745407639725,3.14159265358979,100.645161290323,1850014.16112629,-0.000263402943560172,6.29683248310495,0.401864409650159,0.00835160246372249
66,admin9,43.83008,-41.925783,-2.007813,0.900661258319713,0.201794,0.025998,0,0,5.91080288530682,2.24388875806452,4.5549205298856,26.5901423157609,3.14159265358769,18.0645161290323,3841369.50347264,-0.000240050942892024,9.62899583083535,0.635000159247888,0.00835160246372249,28.220705,-26.994142,0.174558,3.83453130722002,1.34355480322581,4.44570065740469,25.0405182441878,3.14159265358979,100.645161290323,1586492.78309641,-0.00817734722157217,6.82145688149705,0.428536813004431,0.00835160246372249
67,admin9,51.458987,-35.503908,-1.933594,1.01065701681195,0.214174,0.035902,0,0,6.44523151203097,2.80636357741935,3.85384892984775,21.4333860129676,3.14159265358975,18.0645161290323,4748943.50272216,-0.00369558526798089,14.3887033482781,0.710447759719372,0.00835160246372249,28.669923,-27.148439,0.271122,3.99437411084079,1.43644795483871,4.10158327829239,21.7266262836506,3.14159265358979,103.225806451613,1731568.93810071,-0.000615252364230626,6.01991779643458,0.399978931253606,0.00835160246372249
68,admin9,42.246096,-62.527347,30.878908,14.3300474433612,0.190652,0.029712,0,0,9.3194201825339,3.16524085806452,4.4222184433643,23.6738203235459,3.14159265358979,23.2258064516129,9309239.88812822,-0.000326371006400258,13.5501523263161,1.14027108575221,0.00835160246372249,24.851564,-21.335939,0.282264,3.86122195482234,1.50085697419355,3.58451361708449,15.9799389753991,3.14159265358979,105.806451612903,1649230.39823734,-0.000729808955365973,6.91916966700858,0.414141053696004,0.00835160246372249
69,admin9,48.011721,-60.158206,31.138673,17.435422025286,0.215412,0.029712,0,0,9.45183676753744,3.27792357419355,4.32875242650116,22.5848643582656,3.14159265358979,18.0645161290323,9617880.31901279,-0.00308968106805938,15.2320289645482,1.11549677877163,0.00835160246372249,25.179689,-26.044923,0.232744,4.52690643893566,1.72567427419355,3.64425559033507,16.2970801274299,3.14159265358979,105.806451612903,2255547.10967984,-0.000266373578239936,7.55254150998241,0.496292911742569,0.00835160246372249
70,admin9,43.632815,-54.978518,23.283204,11.2634409044044,0.207984,0.028474,0,0,7.86361182615909,2.89576,4.24789741109795,22.4623236288784,3.14159265358979,18.0645161290323,6748316.60698349,-0.00303315518403966,14.0682501280781,0.908786117124274,0.00835160246372249,28.058595,-36.001955,0.177034,4.87778970752888,1.61494469032258,4.14735588272095,21.5844988893725,3.14159265358979,103.225806451613,2537124.45111125,-0.000202583314060787,8.42774744033143,0.530050201598967,0.00835160246372249
71,admin9,47.660159,-58.234378,-2.212891,1.13890537753449,0.224078,0.042092,0,0,8.41014103494287,3.27858512903226,4.21502923289809,22.3553594590443,3.14159265358979,18.0645161290323,7830188.85615797,-0.00241059634609159,17.126501189321,0.986488966719836,0.00835160246372249,24.851564,-26.373048,0.231506,4.07091422676758,1.50273450645161,3.79157550116123,18.0741448596641,3.14159265358979,105.806451612903,1809616.20466745,-0.000460029084128733,7.15994503442389,0.429555110148608,0.00835160246372249
72,admin9,42.476565,-55.36719,25.031251,12.4127908808302,0.219126,0.033426,0,0,8.46131405268974,3.24918113870968,4.03372675474471,20.3864315704169,3.14159265358979,18.0645161290323,7894712.40411463,-0.00321687975963297,17.2337090128103,1.00832122012388,0.00835160246372249,25.189454,-21.248048,0.331784,3.68278526918376,1.49947718387097,3.70427150989954,17.5361076158213,3.14159265358979,105.806451612903,1519469.69364757,-0.000185599395095601,6.92536724303151,0.388171294237764,0.00835160246372249
73,admin9,47.296877,-60.81055,-2.013672,1.036596516696,0.217888,0.033426,0,0,8.78402740702779,3.12546643225806,4.47241265372509,24.5298729012136,3.14159265358979,18.0645161290323,8353749.84682305,-0.00135148094901564,15.9915526639925,1.01344449010615,0.00835160246372249,22.345704,-24.326173,0.263694,3.890409127704,1.51769792903226,3.66435476860024,16.6908148318669,3.14159265358979,108.387096774194,1675858.12675077,-0.000419135028396393,7.77216728240989,0.414685474161848,0.00835160246372249
74,admin9,39.312502,-59.478519,24.544923,10.7631229020901,0.209222,0.027236,0,0,8.23566929882168,2.74046765806452,4.82931092724834,28.2654305605453,3.14159265358979,38.7096774193548,7239829.1724858,-0.00269160364886612,11.4768348803138,0.924810594252406,0.00835160246372249,28.007814,-34.648439,0.180748,4.49500471516092,1.47219015483871,4.36746286094566,23.9726064117273,3.14159265358979,103.225806451613,2149988.72029113,-0.000105731607851565,7.3892502988131,0.468859343784125,0.00835160246372249
75,admin9,51.765628,-62.265628,26.025392,14.3851526712796,0.22284,0.032188,0,0,9.4952289342213,3.59150093870968,4.17719810135422,21.5727432441399,3.14159265358979,25.8064516129032,9903897.96972909,-0.00271274175772056,16.3692382916972,1.16770813807198,0.00835160246372249,20.160157,-13.982423,0.237696,2.80783915005192,1.36158657096774,3.01359646632146,13.5727264396763,3.14159265358979,105.806451612903,935810.14141746,-0.0010551998884059,4.52654798212446,0.271873325837115,0.00835160246372249
76,Laszlo,31.617189,-55.439456,6.484375,2.10215845466976,0.21012,0.02472,-18.916017,0.824217999999998,7.521052379976,3.36978346129032,3.84333406524501,21.3177467547756,3.14159265358979,15.4838709677419,6527272.43686736,-0.000319716371234469,14.3606857510296,0.861865315345017,0.00835160246372249,19.861329,-26.238283,0.207701,3.49386023783024,1.35319439354839,3.905019919259,20.7442927595852,3.14159265358979,98.0645161290323,1349070.48455213,-0.000193763335435961,6.21312562344182,0.359861337713931,0.00835160246372249
77,Laszlo,27.289064,-45.013674,21.343751,7.46403298787151,0.223716,0.02472,-13.195313,4.003907,7.4667207260939,3.64689409354839,3.07551280023545,13.9676526204765,3.14159265358979,15.4838709677419,6635873.64887279,-3.16658827425228E-05,17.7946782003271,0.867692370733372,0.00835160246372249,26.441408,-21.527345,0.232281,4.12521069501399,1.77607750645161,3.0540473640942,12.914039472,3.14159265358979,100.645161290323,1938511.38182811,-0.000286150075194304,10.6331863089267,0.45820227924913,0.00835160246372249
78,Laszlo,29.505861,-48.406252,22.656251,8.49484822828241,0.217536,0.02472,-12.376954,0.298828,7.33795720217563,3.21250649677419,3.76894587261615,19.7171728853501,3.14159265358979,15.4838709677419,6166334.71509593,-0.00073157944697173,13.6699737728696,0.8097839279585,0.00835160246372249,22.164064,-18.646485,0.308479,4.04297367332728,1.84499764193548,2.80914802591494,10.6433014142991,3.14159265358979,98.0645161290323,1897941.59775083,-0.000557414246427808,10.1099748181251,0.436877037074795,0.00835160246372249
79,Laszlo,32.878908,-59.544925,14.238282,5.14986552386956,0.21012,0.02472,-11.322266,0.332030999999999,7.80757046049776,3.20104607096774,4.26776564291983,24.9226381328205,3.14159265358979,18.0645161290323,6842786.31987755,-0.000857413683744069,12.4135166786929,0.865154717437727,0.00835160246372249,25.591798,-20.906251,0.204014,3.42184380452933,1.24818557419355,4.33486641491309,24.2042932619523,3.14159265358979,98.0645161290323,1274956.9942462,-0.000373401971065486,4.91504156291511,0.327584123287035,0.00835160246372249
80,Laszlo,35.035158,-59.246097,20.093751,8.20120496600907,0.215064,0.025956,-7.503907,1.554687,7.93922251010781,3.15796390967742,4.26447319198454,24.564931433406,3.14159265358979,46.4516129032258,7015683.45051544,-0.00313985814322891,11.561532157094,0.891713602907255,0.00835160246372249,21.470704,-16.363282,0.210159,2.92415604169533,1.09441162580645,3.80333928615746,18.7256559290356,3.14159265358979,100.645161290323,936823.677373118,-0.000208825047047475,3.66482086453869,0.269596620540783,0.00835160246372249
81,Laszlo,28.429689,-58.931644,13.718751,4.35351971245254,0.211356,0.02472,-13.623048,1.537109,7.92305226191465,3.08464609677419,4.49948471605456,26.934012191962,3.14159265358979,18.0645161290323,6947049.65385674,-0.00263076279489998,15.4892098972629,0.887801133935927,0.00835160246372249,22.341798,-14.164063,0.217533,2.87367939337497,1.18399706451613,3.4957791449551,17.5708942508193,3.14159265358979,98.0645161290323,928314.689480781,-0.000436528835586368,5.4800519802632,0.278937633162432,0.00835160246372249
82,Laszlo,31.287111,-57.902347,17.607423,6.38019126963781,0.21012,0.02472,-12.281251,1.785156,7.74859705824987,3.4181516483871,4.34461136506981,25.5494316802202,3.14159265358979,18.0645161290323,6892726.08970529,-0.0139474636733033,14.6815811111148,0.880147014089025,0.00835160246372249,21.94336,-16.88672,0.22122,2.98557383561016,1.16176925806452,3.90365019411192,20.1460268971266,3.14159265358979,98.0645161290323,986308.793832607,-0.00132571026195625,5.00671842681399,0.299944140551292,0.00835160246372249
83,Laszlo,27.091798,-52.92969,16.582032,5.29049803494192,0.218772,0.027192,-10.955079,4.443359,7.5429555137115,3.35049161612903,4.05810434777154,22.4403297558692,3.14159265358979,15.4838709677419,6546521.504547,-0.00324236711818641,15.9577348688707,0.859303350074389,0.00835160246372249,17.660157,-13.843751,0.219991,2.92639366225042,1.28898069354839,2.96089916069288,11.8690072679041,3.14159265358979,98.0645161290323,982646.630210272,-0.000499853690296073,5.27402600725776,0.289788964651529,0.00835160246372249
84,Laszlo,27.566408,-45.322268,16.021485,5.10943123887866,0.233604,0.02472,-14.873048,2.158203,6.91264352855266,3.41134719032258,3.42681404436038,16.6289369573665,3.14159265358979,18.0645161290323,5710447.4927738,-0.0180174283880885,16.6414326386725,0.803072515548321,0.00835160246372249,21.560548,-21.88086,0.219991,3.57095219095083,1.4328,3.58491245895041,16.8953603246469,3.14159265358979,98.0645161290323,1422723.53898443,-0.000394077977063929,7.72411422087345,0.385660524161336,0.00835160246372249
85,Laszlo,26.142579,-49.126956,16.623048,5.16143636707577,0.224952,0.02472,-20.142579,4.195313,7.56171678904548,3.52821341612903,3.36744559046183,16.1526596615189,3.14159265358979,15.4838709677419,6691236.45298932,-0.00910318531154604,18.9869267724867,0.891861770556393,0.00835160246372249,25.884767,-23.349611,0.23351,3.76564541871171,1.57632323225806,3.48067946593747,16.5028091902293,3.14159265358979,98.0645161290323,1601495.00182922,-0.00037009227618886,8.89585502703483,0.40762802442109,0.00835160246372249
86,Laszlo,26.570314,-37.855471,12.804688,3.78008263656538,0.239784,0.02472,-15.408204,2.40625,6.32942166544884,3.39439284516129,2.64746343854253,9.92248717982244,3.14159265358979,15.4838709677419,4957172.56314882,-0.00842454058490673,16.9542248390926,0.749710675204396,0.00835160246372249,28.802736,-26.312501,0.249487,4.19197690818185,1.65526726129032,3.91909593521962,20.3774888845452,3.14159265358979,100.645161290323,1952038.94809333,-2.41166279917616E-07,7.99991460842933,0.421833328562806,0.00835160246372249
87,Laszlo,26.521486,-58.576175,10.035157,2.84823397833676,0.213828,0.025956,-14.402344,1.083985,7.49663475872671,3.29310125806452,4.32038456749275,26.0175319558745,3.14159265358979,15.4838709677419,6442933.07061525,-0.00151327447069296,17.1546885013225,0.856612229537847,0.00835160246372249,21.164064,-20.734376,0.213846,3.22780378735574,1.18308980322581,3.98808397784675,20.1319091866212,3.14159265358979,95.4838709677419,1135750.04400505,-0.000556555672800831,5.78597420371759,0.326374685239822,0.00835160246372249
88,Laszlo,28.496095,-58.750003,11.277344,3.47273464213922,0.22866,0.02472,-10.191407,1.228515,7.9641687224793,3.4779236,4.12457084752728,23.7455509856761,3.14159265358979,15.4838709677419,7257850.25032598,-6.21005906996337E-05,17.8480100488033,0.931525577787314,0.00835160246372249,24.712892,-19.816407,0.242113,3.52685346428852,1.52093003225806,3.34440398742956,15.7157895796954,3.14159265358979,100.645161290323,1417659.85042465,-0.000393424857050557,6.89504629459253,0.383520155788944,0.00835160246372249
89,Laszlo,30.23633,-38.634768,19.093751,6.90076177972088,0.205176,0.02472,-10.53711,0.195311999999999,6.58663289751581,3.13288199354839,2.99426751807724,12.8725054895548,3.14159265358979,18.0645161290323,5112393.38941638,-0.000595062895981218,12.7476540558577,0.73883742729861,0.00835160246372249,26.484376,-26.38672,0.192953,4.13041078319735,1.46473043870968,4.03403359192107,20.339140486998,3.14159265358979,100.645161290323,1845670.50846902,-0.000693397731806431,6.12532255538192,0.440158505931791,0.00835160246372249
90,Laszlo,26.281251,-42.458986,20.357423,6.70112242596733,0.20394,0.02472,-5.513672,3.214844,6.52252146372697,3.06330660645161,3.21624371024963,14.8167565777589,3.14159265358979,18.0645161290323,4990197.53991227,-0.000135355697726146,11.2817037890904,0.697463621717806,0.00835160246372249,24.123048,-24.626954,0.283899,4.45782425532711,1.61746484193548,3.64346265178359,16.0439820504623,3.14159265358979,98.0645161290323,2161134.24116351,-0.000822080028693198,7.65817359316172,0.458498620077574,0.00835160246372249
91,Laszlo,27.505861,-38.601564,20.121095,6.2615516948369,0.202704,0.025956,-29.078126,5.914063,6.27302113349226,2.89400848387097,3.06768287309045,13.2143096814777,3.14159265358979,18.0645161290323,4586476.21553653,-0.000103803928223192,10.0854708905881,0.654976073181195,0.00835160246372249,24.806642,-24.095704,0.202785,4.26948093894107,1.58627783225806,3.53142844808324,15.4136981546634,3.14159265358979,98.0645161290323,1993569.97999798,-0.000757227149572648,8.85849261853321,0.445219247667348,0.00835160246372249
92,Laszlo,26.587892,-32.32422,20.757814,6.32490377830976,0.207648,0.02472,-5.88086,9.613281,6.14153882819103,2.82736282258065,2.85674843581851,10.9053794987529,3.14159265358979,18.0645161290323,4392969.30000503,-0.000642084145504265,6.69104318972955,0.613017094239892,0.00835160246372249,30.808595,-27.595704,0.267922,4.93605363272838,1.81252532903226,3.69048471781033,16.6585316372264,3.14159265358979,98.0645161290323,2657152.84657459,-0.000190709589744336,9.88799608040958,0.523124606972166,0.00835160246372249
93,Laszlo,26.822267,-21.835939,24.583986,8.21112932543244,0.217536,0.028428,7.398438,7.910157,4.91252749725564,2.54761232258065,2.56200003544713,9.63805220911279,3.13058307217379,18.0645161290323,2942894.80141166,-4.15441267750254E-05,8.10183403584776,0.506143582818555,0.00835160246372249,23.322267,-23.220704,0.242113,4.10734106189002,1.54017148387097,3.56249009956819,15.5611550447293,3.14159265358979,90.3225806451613,1849192.60252789,-0.000216329156599382,5.60702081147322,0.412859338569449,0.00835160246372249
94,Dori,42.212893,-51.591799,-12.703126,5.48557688695886,0.217536,0.028428,-12.457032,1.566406,6.87225634572385,2.6064707,4.48587678893502,25.5093791725195,3.14159265358979,25.8064516129032,5191475.45164395,-0.000250514168306351,7.76333663192964,0.767636019069647,0.00835160246372249,14.185548,-13.757813,0.229823,1.82212235818424,0.806294190322581,4.12915655621979,24.6174771732517,3.14159265358979,116.129032258065,381540.084137068,-0.000457503297444125,1.05876237483928,0.144129050922917,0.00835160246372249
95,Dori,44.224612,-38.962893,-7.441407,3.34086677831285,0.128544,0.028428,-11.712891,0.947265000000002,6.00801219963276,2.33866570967742,4.76120752305736,26.9878975864648,3.14159265358979,20.6451612903226,3994451.07447473,-0.00128642169891067,6.90910799108851,0.684391536909323,0.00835160246372249,11.208985,-7.425782,0.168373,1.0608452617599,0.351159325806452,6.18266194522359,50.2643391198794,3.14159265358979,20.6451612903226,120000.60253808,-0.000318815286399564,0.345746813213579,0.0790095957735209,0.00835160246372249
96,Dori,44.332033,-54.121096,-21.576173,9.70244385306045,0.213828,0.028428,-7.728516,2.978516,7.59456120234596,3.09603090322581,4.38873278985053,24.3547135809626,3.11620026631784,33.5483870967742,6463951.92887212,-6.52397830791594E-05,6.80263214755436,0.868896644206207,0.00835160246372249,20.181642,-15.873048,0.212617,2.37464859440942,0.788646738709677,4.97494863355126,31.3664901744851,3.14159265358979,116.129032258065,601674.376001714,-0.000490271523785559,1.98492858871205,0.202995282778397,0.00835160246372249
97,Dori,42.974611,-49.171877,-17.375001,8.01268851955515,0.19158,0.027192,-14.804688,2.716797,6.73885197106971,2.45659668064516,4.54200749732651,25.6416915543347,3.14159265358979,23.2258064516129,4944056.04069124,-0.00249639602422187,7.51697092132661,0.717776994300793,0.00835160246372249,14.890626,-15.69922,0.218762,1.93575137802132,0.8550656,4.01905972939466,24.3476482730479,3.14159265358979,98.0645161290323,430361.802528003,-0.00018130445091179,1.56655664125045,0.161097299241638,0.00835160246372249
98,Dori,43.136721,-52.919924,-16.953126,7.57776301206256,0.212592,0.027192,-7.464844,5.603516,7.07691744372862,2.85314405806452,4.59205323996527,26.6131647128041,3.14159265358979,23.2258064516129,5595248.70520839,-0.00126174089635904,7.60721925943922,0.787767059727645,0.00835160246372249,14.558594,-17.882813,0.200327,2.17988812114004,0.859677493548387,4.51394659987492,27.2412975015735,3.14159265358979,110.967741935484,527681.026667065,-0.000171485013586656,2.09849157341536,0.186589907771098,0.00835160246372249
99,Dori,42.58008,-54.955081,-16.820313,7.4048396517148,0.200232,0.028428,-17.398438,0.5,7.58584205606659,3.09348557741936,4.10468632306006,22.1326270700388,3.14159265358979,23.2258064516129,6449718.12613158,-0.00013097417613102,9.24000456316007,0.871494424772309,0.00835160246372249,10.878907,-16.669923,0.20893,1.97247297007056,0.823380883870968,4.17002873529352,24.5223811210637,3.14159265358979,110.967741935484,439043.007537736,-8.83024879702868E-05,2.28032219649568,0.159841471610409,0.00835160246372249
100,Dori,42.433596,-54.142581,-16.589845,7.36708542442721,0.201468,0.028428,-14.808594,1.669922,7.26121165054533,2.76336959354839,4.36359115738271,24.4988194429623,3.14159265358979,23.2258064516129,5800731.1304925,-0.00210225515453981,8.16402976754893,0.812140230836869,0.00835160246372249,13.896485,-16.144532,0.20893,1.95344139898733,0.82429444516129,4.31284785501896,26.2730631033999,3.14159265358979,110.967741935484,432007.424096889,-0.000711034757673289,2.10907823496,0.158611596886184,0.00835160246372249
101,Dori,41.658205,-55.076175,-19.738282,8.34047011670901,0.201468,0.028428,-12.675782,4.693359,7.27765959832617,2.92202639354839,4.40705252665792,25.1285804776189,3.14159265358979,25.8064516129032,5910396.7342228,-0.00655587206397622,7.90645419454871,0.80804495589023,0.00835160246372249,13.562501,-19.466798,0.211388,2.12534255710253,0.857730683870968,4.6102757724801,30.1721830146536,3.14159265358979,108.387096774194,504792.437755256,-0.000936500034751876,2.0969739430661,0.177486234568108,0.00835160246372249
102,Dori,38.119142,-56.441409,-27.236329,11.5950534356797,0.207648,0.027192,-17.812501,2.603516,7.72939248218748,3.52314159032258,3.94292207139452,21.2789456782532,3.14159265358979,23.2258064516129,6934194.94516,-0.00857745865397726,12.3760627805273,0.893045938947226,0.00835160246372249,14.589844,-23.566407,0.22122,2.92194018953965,1.20605479677419,4.02235345354679,22.576767408808,3.14159265358979,105.806451612903,960260.284095037,-0.000332828480688195,3.82208056283866,0.263784183127981,0.00835160246372249
103,Dori,34.691408,-57.580081,-14.097657,5.32305506990991,0.126072,0.025956,-8.294922,5.695313,7.40721523543766,3.75771818387097,4.23192002894204,24.8587453373027,3.14159265358979,23.2258064516129,6629677.9437248,-0.00674330812725498,17.7175044798906,0.874863067137524,0.00835160246372249,16.013673,-17.992188,0.28267,2.55192781638603,1.01090609032258,4.10531794946357,21.1920897245086,3.14159265358979,100.645161290323,724043.030205969,-0.000424747970886379,3.78254058154498,0.253955302395524,0.00835160246372249
104,Dori,37.39258,-52.033206,-17.041016,6.73947138727592,0.201468,0.027192,-12.492188,3.488282,6.82276873506153,2.5403983516129,4.7143931696597,28.1290112384685,3.14159265358979,20.6451612903226,5093664.89141273,-0.00170437443373249,8.04578411625985,0.746852514661348,0.00835160246372249,14.722657,-10.927735,0.228594,1.79503257619179,0.855191622580645,3.56327819669098,19.73410820605,3.14159265358979,100.645161290323,379930.836914589,-0.000600823613928929,2.13063808068786,0.157193966029485,0.00835160246372249
105,Dori,35.259767,-51.912112,-15.439454,5.70017526182235,0.211356,0.027192,-7.22461,8.105469,6.51811334607776,2.49977337096774,4.72617123569193,28.8453518330886,3.14159265358979,12.9032258064516,4683401.64270743,-0.000654982497397908,9.72363287539216,0.703611451826235,0.00835160246372249,16.140626,-13.671876,0.250716,2.34912526219414,1.0842743,3.20716965549777,14.7309658579882,3.14159265358979,100.645161290323,643297.268516953,-0.00135754596311183,4.61101840214663,0.225318718270789,0.00835160246372249
106,Dori,43.199221,-51.919924,-14.763673,6.73424322059994,0.229896,0.025956,-11.494141,2.88086,6.87610473491187,2.54786431935484,4.77590151914037,28.1606956680674,3.14159265358979,20.6451612903226,5167530.41876214,-0.00226500384545615,7.11559383129771,0.743499174207853,0.00835160246372249,16.591798,-9.277344,0.266693,2.03230359350918,0.988218338709678,3.2908665640837,17.1887011100551,3.14159265358979,100.645161290323,490766.687928749,-0.000955654363443979,4.00139217128424,0.193635636780331,0.00835160246372249
107,ReniBalkez,41.27344,-50.349612,4.333985,1.79768857164433,0.12844,0.02717,-1.392578,0.232422,6.31485107215969,3.60667231935484,5.08541626571235,31.1703569054612,3.14159265358979,33.5483870967742,5082289.75407293,-0.00837527679163601,7.37091470915525,0.788122818193343,0.00835160246372249,14.142579,-12.074219,0.160868,1.98202905606384,0.647473622580645,4.12183588081411,20.9555787237759,3.14159265358979,103.225806451613,417810.248144928,-0.00123962838541812,2.80684389247533,0.194389647199019,0.00835160246372249
108,ReniBalkez,32.29883,-54.562503,3.53711,1.1493914921585,0.12844,0.025935,-1.970703,3.162109,6.59886962644016,3.66154250322581,4.91357721997618,30.5448566934395,3.14159265358979,46.4516129032258,5473084.6869546,-0.00783309442168208,9.09403881317317,0.867744387260009,0.00835160246372249,14.011719,-9.667969,0.209988,1.59451949013737,0.617716796774193,4.45446710814523,26.8687355557394,3.14159265358979,100.645161290323,281002.785407254,-0.000986949025795207,2.26487460150265,0.143214190337672,0.00835160246372249
109,ReniBalkez,41.77344,-51.306643,4.464844,1.87152862969952,0.12844,0.02717,-4.19336,2.140626,6.45614976214642,3.14267906774194,5.14468068230831,31.469265464646,3.12294551559505,28.3870967741935,4954752.77165973,-0.0251141963585147,8.1986781968962,0.780848504510865,0.00835160246372249,14.337891,-11.771485,0.20262,1.92700303513726,0.737140964516129,3.90687398060486,19.8668650831831,3.14159265358979,100.645161290323,409070.551653513,-0.00011570106508723,3.29684933248093,0.194048159656645,0.00835160246372249
110,ReniBalkez,38.814455,-55.136721,7.574219,3.00129684577141,0.127205,0.025935,-5.050781,2.232422,6.42593200290127,3.39641524516129,5.4108937752265,35.7897249163027,3.14159265358979,25.8064516129032,5076793.73171592,-0.0245701417452545,6.44050825539284,0.72236689817552,0.00835160246372249,19.888673,-18.587892,0.217356,3.00936715473763,1.13433730645161,3.81798191549554,18.4063280388488,3.14159265358979,98.0645161290323,993963.433674552,-0.000153077789716977,5.61009082890251,0.314546570935277,0.00835160246372249
111,ReniBalkez,43.849612,-53.039065,4.666016,2.05607559907835,0.12844,0.030875,0.894531,0.228515,6.92949776208015,3.99942056129032,4.79831996048869,28.0175618283973,3.14159265358979,30.9677419354839,6151678.52023765,-0.0217172474397218,11.0931996653536,0.907286754552406,0.00835160246372249,10.851563,-12.826173,0.185428,1.69655605211819,0.601959493548387,4.33133972449132,23.8194135431916,3.14159265358979,103.225806451613,311427.202072765,-0.00150830920511872,1.84445388493914,0.149215472108711,0.00835160246372249
112,ReniBalkez,35.320314,-56.093753,4.511719,1.61228362651566,0.12844,0.02717,-2.470703,2.523438,6.45779831229191,3.68634723225806,5.25277101066557,34.9975694433726,3.14159265358979,23.2258064516129,5313591.46756153,-0.0138196488202246,4.45084606953201,0.720186227495505,0.00835160246372249,13.207032,-18.878907,0.200164,2.38613657155633,0.890114764516129,3.99743247068822,20.2574591479682,3.14159265358979,100.645161290323,623299.990287522,-0.464628815955325,3.78765976798486,0.245994784056699,0.00835160246372249
113,ReniBalkez,40.103518,-51.613284,6.470703,2.61657016387151,0.127205,0.025935,-4.964844,0.908202999999999,6.38362575568617,3.37855990645161,5.23068360689408,33.2651287594073,3.14159265358979,28.3870967741935,5013089.63817666,-0.0186032166660497,7.07398063845284,0.730689404823481,0.00835160246372249,16.648438,-14.419923,0.1842,2.47641773088717,0.880935064516129,3.86900859292508,18.5213447027709,3.14159265358979,100.645161290323,663925.240248227,-9.21537177545077E-08,3.96177829922482,0.246706391924229,0.00835160246372249
114,ReniBalkez,37.068361,-54.087893,7.494141,2.81065029114583,0.12844,0.02717,-4.53125,0.601563,6.2618595341115,3.87353847419355,5.29114193014484,35.0075698007336,3.14159265358979,28.3870967741935,5210079.29156967,-0.0222989894769407,5.85217833931705,0.722448731457835,0.00835160246372249,16.431641,-16.707032,0.222268,2.73201067841581,1.04098424516129,3.77821580719302,17.8726653015423,3.14159265358979,100.645161290323,821417.685437162,-0.000252975647728109,4.75966454147979,0.286362907413298,0.00835160246372249
115,ReniBalkez,41.652346,-53.066409,2.025391,0.852972222789856,0.127205,0.025935,-3.808594,0.146484,6.63987469216257,3.89019676774194,4.87326231509092,29.701618096377,3.14159265358979,41.2903225806452,5691192.57134154,-0.0225303278329353,7.48990327753701,0.797348120029074,0.00835160246372249,13.501954,-19.767579,0.143676,2.56977263037573,0.879788396774194,4.26194154161336,23.6873482056646,3.14159265358979,100.645161290323,709002.639412456,-0.000337139160119082,4.34764619666313,0.24679066575344,0.00835160246372249
116,ReniBalkez,42.562502,-55.814456,-2.388672,1.03390614617837,0.12597,0.025935,-8.808594,0.154297000000001,6.93580885876281,4.0173452,4.80604675893036,29.1064468876501,3.14159265358979,43.8709677419355,6173897.12089868,-0.0214300367971911,7.62216940303407,0.819040804390647,0.00835160246372249,14.048829,-14.966798,0.248056,2.57412428957399,1.12208929677419,3.40338152646695,14.9189397104618,3.14159265358979,100.645161290323,757767.743843369,-0.00173082517104943,5.34288714112752,0.270777862829776,0.00835160246372249
117,ReniBalkez,40.685549,-53.833987,1.789063,0.735669075707402,0.127205,0.025935,-3.980469,0.896484000000001,6.5846125959817,3.85155009677419,4.88033005643287,29.89272825539,3.13562638496333,41.2903225806452,5592209.03008244,-0.0139300331580474,6.9626807633093,0.780698056730268,0.00835160246372249,12.773438,-21.156251,0.218584,1.99512659488983,0.801020761290323,3.98442535739026,20.1340875415762,3.14159265358979,100.645161290323,444189.997845829,-0.0113503355265828,4.66241373363726,0.242063461065936,0.00835160246372249
118,ReniBalkez,43.865237,-52.74219,-2.037109,0.907194090845239,0.12597,0.025935,-7.515625,0.365235,6.88463155836946,3.88443188709677,4.76569354275182,28.3360617034912,3.12475404899466,41.2903225806452,6004997.12315713,-0.0163373975214001,7.0539459646961,0.795840451105343,0.00835160246372249,12.779297,-15.904298,0.22718,2.64248261670062,1.08311503225806,3.47725135569022,15.4979220735266,3.14159265358979,100.645161290323,783777.430311427,-0.000357719523578312,6.17678819502278,0.289657758055294,0.00835160246372249
119,ReniBalkez,44.845705,-56.476565,4.980469,2.26150523193721,0.127205,0.02717,-6.53125,1.724609,7.06368957343857,3.89958435483871,5.07086363788606,31.2053549993178,3.13426585113334,28.3870967741935,6256347.22577217,-0.0210886730751693,9.9694232170745,0.848569833892795,0.00835160246372249,18.794923,-12.962891,0.1535,2.31896800686973,0.829851416129032,4.07861321899896,22.2768509855974,3.14159265358979,100.645161290323,582968.161613701,-0.000182209597096157,3.80395487308583,0.219592978314954,0.00835160246372249
120,ReniBalkez,39.117189,-53.353518,3.458985,1.37691044139298,0.12597,0.0247,-6.070313,0.291015000000001,6.47955926053772,3.76661435483871,4.90381413033864,30.3388277317217,3.14159265358979,43.8709677419355,5398136.11044502,-0.019917760751924,6.00783009726065,0.746135426904001,0.00835160246372249,13.603516,-21.896485,0.206304,2.93275409938359,1.03523194193548,4.10371283317517,21.7660110588692,3.14159265358979,100.645161290323,929551.446159366,-0.00146397229976695,4.76871844468153,0.280921940287563,0.00835160246372249
121,ReniBalkez,41.763674,-52.681643,-2.105469,0.892301736002011,0.12597,0.025935,-4.150391,0.458984,6.78576309207154,3.78975573548387,4.71387940687866,27.7760205080288,3.12433979203426,41.2903225806452,5805288.49345755,-0.0276201803525348,6.47923845457224,0.773432629662778,0.00835160246372249,13.167969,-14.425782,0.207532,2.15538950667597,0.847605912903226,3.8840984411295,19.1673362348386,3.14159265358979,103.225806451613,515493.826042338,-0.376123212533783,4.11555239238739,0.243040626865145,0.00835160246372249
122,ReniBalkez,37.382814,-56.640628,-3.916016,1.48609597514337,0.127205,0.025935,-8.898438,0.101561999999999,6.72645431071989,3.95975323548387,4.99426544369685,31.8696798884935,3.14159265358979,25.8064516129032,5854876.47822022,-0.0270926209920749,7.68484610522097,0.792932059880583,0.00835160246372249,11.902344,-13.775391,0.194024,2.3971638561974,0.932333751612903,3.37340054182917,14.1389187118937,3.14159265358979,100.645161290323,635763.078751938,-0.0006200832108828,5.67025832051921,0.271289532048064,0.00835160246372249
123,ReniJobbkez,37.076174,-56.417972,-12.167969,4.83363827925554,0.126072,0.025956,-10.767579,4.416015,7.04874107892681,3.66057226451613,4.80510385186239,29.447022409806,3.13540698582596,25.8064516129032,6062424.30375367,-0.00570748772580047,7.02077889515794,0.793711663516418,0.00835160246372249,25.550782,-24.412111,0.168373,3.66224742931355,1.25919868064516,4.22082298030874,22.5115524622908,3.14159265358979,105.806451612903,1441272.9686369,-0.0193434526546888,5.47708262713092,0.359729827249143,0.00835160246372249
124,ReniJobbkez,27.253908,-54.732425,8.783204,2.39743204607325,0.14832,0.048204,-9.449219,6.847657,6.77501756916603,3.43249136451613,4.50918142674066,27.7991034988332,3.14159265358979,41.2903225806452,5543322.84888168,-0.000822995566637069,6.49486989421316,0.753473796490864,0.00835160246372249,27.146486,-29.275392,0.292502,5.19167690797227,2.45211079032258,2.9956715091639,12.0121566751786,3.1389474732353,100.645161290323,3168066.85434422,-0.000616061143645831,14.882267785787,0.619844079898172,0.00835160246372249
125,ReniJobbkez,33.945314,-57.664065,4.107422,1.41378597247946,0.126072,0.02472,-8.808594,1.240235,7.10831172719183,4.66128424193548,4.57957407447155,27.997571326216,3.14159265358979,43.8709677419355,6943769.5405642,-0.0350116982403434,16.7937434984193,0.889126234111393,0.00835160246372249,18.701173,-21.94922,0.255632,3.26910418006707,1.56194567419355,3.07874422193505,13.2131997056634,3.14159265358979,103.225806451613,1261477.44885226,-0.149098935579261,7.49054125763659,0.397038798513787,0.00835160246372249
126,ReniJobbkez,34.472658,-60.515628,14.830079,5.34964548325244,0.127308,0.027192,-7.644532,0.996093,7.38278886398463,5.68003432580645,4.47037984106572,28.0173695126992,3.14159265358958,30.9677419354839,8338439.52597669,-0.00104328092401917,47.9028588929512,1.08861706200114,0.00835160246372249,19.421876,-20.527345,0.011061,3.99244295260376,2.60044748064516,2.60535721040985,9.56813039038637,3.14159265358979,103.225806451613,2181655.2644043,-0.00678972926083052,9.40822579395873,0.497240112455998,0.00835160246372249
127,ReniJobbkez,39.634768,-59.371097,-7.806641,3.21214181015805,0.126072,0.02472,1.222656,1.507812,8.08394948469565,4.66080540967742,4.27949955886018,23.093494013077,3.14159265358976,46.4516129032258,8367748.58308078,-0.0222890359914291,14.8868203602903,0.993680421027238,0.00835160246372249,24.097657,-18.75586,0.243342,3.44139700262581,1.37448346451613,3.73435344695212,17.9943426320272,3.14159265358979,103.225806451613,1319685.38170776,-0.00037656817888472,5.67126996352751,0.342126818823234,0.00835160246372249
128,ReniJobbkez,33.789064,-57.27344,-6.435547,2.24591248607317,0.127308,0.025956,-2.478516,0.203125,8.1785000045175,3.32720532903226,4.24480056146035,22.5866181914304,3.14159265358979,46.4516129032258,7491778.94780415,-0.00284972340108753,10.7007498324862,0.899519185503926,0.00835160246372249,20.007813,-23.535157,0.242113,2.95686263634317,1.19075738709677,4.09727063846033,21.855311305184,3.14159265358979,105.806451612903,976466.315272786,-0.104517135257273,5.99763650433578,0.346260272804858,0.00835160246372249
129,ReniJobbkez,33.263673,-58.267581,-8.667969,2.93268342203056,0.126072,0.025956,-2.404297,1.5,7.21950778925436,5.18996999354839,4.40313028681756,26.5178879322468,3.14159265358979,43.8709677419355,7597385.50841686,-0.0316930045810468,25.0525816744164,0.970903119847719,0.00835160246372249,20.044923,-25.541017,0.425234,3.32798503016741,1.8395855483871,3.32448686695681,15.2901757960972,3.14159265358979,98.0645161290323,1389563.65361698,-0.0634965746097871,7.61188249517407,0.429107870931104,0.00835160246372249
130,ReniJobbkez,28.066408,-57.791018,11.082032,3.17005865984396,0.126072,0.027192,-7.025391,0.388672,6.65966945046681,4.47227848064516,5.00031800149631,33.6345704319466,3.14159265358979,38.7096774193548,6184272.55900037,-0.034912280273849,24.2198636802693,0.822403031985178,0.00835160246372249,26.675783,-28.626955,0.25809,4.84099275029448,2.15311255483871,3.16675755380743,13.3559093577769,3.14159265358979,100.645161290323,2697633.14074017,-0.000299341662257592,12.5090903664565,0.556218789286283,0.00835160246372249
131,Tom,32.771486,-56.005862,11.078126,3.81562687647374,0.21012,0.025956,0.089844,1.841797,6.9283425099089,2.53339228709677,5.09784369901409,32.9915767089083,3.14159265358979,20.6451612903226,5229762.61647498,-0.000206915313806445,11.6274981568274,0.744667449954858,0.00835160246372249,22.345704,-16.066407,0.237197,2.8950252962898,1.23839476451613,3.70442289509949,19.2283078556145,3.14159265358979,98.0645161290323,952811.612964019,-0.000575503426115231,6.81815153132661,0.282945035854934,0.00835160246372249
132,Tom,30.406251,-58.326175,-5.796875,1.82095587764983,0.196524,0.027192,-3.867188,6.644531,6.96200973298518,2.45836710645161,5.16542625616258,34.1479639861574,3.14159265358979,20.6451612903226,5238713.55665254,-0.00127456492680044,10.1265690720593,0.7255011907406,0.00835160246372249,24.26172,-19.587892,0.195411,3.10510573213032,1.08896807741935,4.24546707965269,23.4120286603075,3.14159265358979,98.0645161290323,1040525.92911744,-7.29913899130911E-05,5.59586192208461,0.314100222515187,0.00835160246372249
133,Tom,34.998049,-59.732425,-17.777345,6.29522202258977,0.194052,0.028428,-5.876953,0.941407,7.86543476221194,2.68884215483871,4.866731129142,29.232511786448,3.14159265358979,23.2258064516129,6640023.36230919,-0.0021697084439657,11.1848773784719,0.887855696395097,0.00835160246372249,15.080079,-19.076173,0.213846,2.14914802917774,0.688760129032258,5.50588868463087,36.6150574072815,3.14159265358979,121.290322580645,489459.188376323,-0.00126434542916889,0.699498954790483,0.159712282899706,0.00835160246372249
134,Tom,30.072267,-57.27344,-2.871094,0.877461783868442,0.218772,0.027192,1.853516,1.535157,6.90837677890594,2.42624760967742,5.26426435332515,35.0930495895867,3.14159265358979,23.2258064516129,5152146.56426633,-0.00486831189216072,8.88109187694476,0.719196812837842,0.00835160246372249,20.273438,-17.437501,0.224907,2.86202283028228,1.18821205806452,3.72012452497431,18.4961316129432,3.14159265358979,98.0645161290323,922850.469552341,-0.00100006969610478,7.05121169467411,0.293233834951083,0.00835160246372249
135,Tom,33.83008,-56.109378,-4.894531,1.69882653616943,0.200232,0.025956,-0.177734,2.832032,6.91840398963135,2.38094772258065,5.27000465923415,34.6702570409259,3.14159265358979,23.2258064516129,5144543.0014374,-0.00176631826455919,7.24889826894392,0.721529811356894,0.00835160246372249,21.304689,-21.619142,0.199098,3.21854979207552,1.21036426129032,3.97609337425115,20.4926118418601,3.14159265358979,98.0645161290323,1136290.66771242,-0.00120779191295488,6.8349670388389,0.333356330900531,0.00835160246372249
136,Tom,29.785158,-58.458987,-8.115235,2.46962248291015,0.217536,0.027192,0.132813,5.38672,7.06666772794146,2.40823477096774,5.30717855458972,35.1536212527515,3.14159265358979,23.2258064516129,5356362.93771475,-0.00172054600763598,10.4684408489835,0.746117628853641,0.00835160246372249,21.289064,-14.978516,0.216304,2.70462390157511,1.02825739354839,3.9691582866874,20.9101495437867,3.14159265358979,98.0645161290323,804578.387142034,-0.000398461170633301,5.06615701144043,0.265009163926545,0.00835160246372249
137,GLaci,38.95508,-55.689456,3.388672,1.35134005569364,0.221423,0.02474,-6.832032,1.289062,7.3066301389881,2.78093514193548,4.50777879148877,26.445058806066,3.14159265358979,43.8709677419355,5873674.69258078,-0.000701419231264211,8.92470482501079,0.773215444293189,0.00835160246372249,15.060548,-22.207032,0.216304,2.80676968769533,1.11800035483871,3.72273732597461,17.4529030121756,3.14159265358979,100.645161290323,877189.35191306,-0.362908607126905,6.10958102170002,0.286182316692447,0.00835160246372249
138,GLaci,43.462893,-56.7168,7.417969,3.26384429068981,0.216475,0.027214,3.53125,0.0585939999999998,7.68718921360407,2.84355482903226,4.33400535884236,24.0945012564094,3.13199942836117,43.8709677419355,6455871.34706763,-9.60227527518475E-05,10.4095293255526,0.852973645093755,0.00835160246372249,19.712892,-17.312501,0.207701,2.96398050859239,1.18084057419355,3.66487353683272,17.3891838546333,3.14159265358979,98.0645161290323,978256.188521523,-0.000689655353233268,6.12567633532173,0.309453040886377,0.00835160246372249
139,GLaci,34.939455,-55.902346,9.457032,3.37778462521201,0.209053,0.02474,-7.28125,2.314454,7.6322272544113,3.08232123870968,4.08501820848798,22.6781510780157,3.14159265358979,43.8709677419355,6510928.47953978,-0.000736722036124012,7.88560637501884,0.825299182409503,0.00835160246372249,25.935548,-25.314454,0.235968,4.32203374183685,1.75263373225806,3.3406163522834,14.5646078510819,3.14159265358979,95.4838709677419,2090338.43390891,-0.000439439436731499,10.3976300825482,0.474104332374262,0.00835160246372249
140,GLaci,36.626955,-58.269534,11.685547,4.32184476271869,0.231319,0.028451,2.232422,1.052734,7.33078121838888,2.62914581290323,4.79589297119291,29.516009767634,3.14159265358979,43.8709677419355,5828730.32992715,-0.000733185260472553,8.05462028160205,0.802048534457737,0.00835160246372249,21.804689,-19.728517,0.227365,3.28508458311172,1.34125515483871,3.46072752345406,15.8603488380806,3.14159265358979,98.0645161290323,1209970.70103451,-0.000546096402336993,7.88971195661614,0.341190606563285,0.00835160246372249
141,GLaci,33.38672,-54.548831,4.054688,1.37129824551616,0.215238,0.02474,-10.09375,1.521485,7.30868422907179,3.02869220322581,4.17932447276871,23.9177018725637,3.14159265358979,46.4516129032258,6014883.77988991,-0.000571331473353083,9.04914773398739,0.788148010239731,0.00835160246372249,16.63672,-25.257814,0.213846,3.72183591600844,1.50669114193548,3.45758186146598,15.6906464648582,3.14159265358979,98.0645161290323,1549341.5732345,-0.0156546007670052,9.30491989265872,0.431660940583625,0.00835160246372249
142,GLaci,32.976564,-54.796878,2.658203,0.89934763256597,0.248637,0.025977,-7.154297,0.81836,6.84988675314711,2.7121095516129,4.62004004832825,28.8645299150828,3.14159265358979,15.4838709677419,5215970.37676054,-0.000272128846424326,7.07815274714971,0.732695592309876,0.00835160246372249,18.810548,-26.734376,0.229823,3.86115368166986,1.61140385806452,3.43595979532813,15.8388359035176,3.14159265358979,95.4838709677419,1682243.00715148,-0.00310682013811382,9.87374757942183,0.43159393411754,0.00835160246372249
